id,created_at,updated_at,name,slug,section_id
clymkl5gz000ady2ktr1f4p5j,2024-07-15 05:54:40.499,2024-07-15 05:54:57.268,3W Clinic,3w-clinic,clymkgldh0000dy2kur7s9uaq
clyml13dw000ddy2ko4m2xa19,2024-07-15 06:07:04.29,2024-07-15 06:07:16.497,AHC,ahc,clymkgldh0000dy2kur7s9uaq
clyml1n48000edy2kuvw7v5y4,2024-07-15 06:07:29.864,2024-07-15 06:07:56.568,Beauty of Joseon,beauty-of-joseon,clymkgldh0000dy2kur7s9uaq
clyml2n8b000fdy2kwjxagsda,2024-07-15 06:08:16.664,2024-07-15 06:08:29.121,BeauuGreen,beauugreen,clymkgldh0000dy2kur7s9uaq
clyml2zkf000gdy2k4tcq3hc9,2024-07-15 06:08:32.653,2024-07-15 06:08:49.395,Biodance,biodance,clymkgldh0000dy2kur7s9uaq
clyml4s89000hdy2kuybz6i6q,2024-07-15 06:09:56.454,2024-07-15 06:10:09.825,Boomshop,boomshop,clymkgldh0000dy2kur7s9uaq
clyml555s000idy2kil007qyy,2024-07-15 06:10:13.214,2024-07-15 06:10:27.176,Bueno,bueno,clymkgldh0000dy2kur7s9uaq
clyml5j0m000jdy2khl0aigff,2024-07-15 06:10:31.172,2024-07-15 06:10:43.675,Ciracle,ciracle,clymkgldh0000dy2kur7s9uaq
clyml5u75000kdy2kfgl9u21y,2024-07-15 06:10:45.666,2024-07-15 06:10:58.79,CKD,ckd,clymkgldh0000dy2kur7s9uaq
clyml6dp5000ldy2kdbzu2k5l,2024-07-15 06:11:10.938,2024-07-15 06:11:50.43,Cos De BAHA,cos-de-baha,clymkgldh0000dy2kur7s9uaq
clyml8dv6000mdy2k9mne4xzz,2024-07-15 06:12:44.463,2024-07-15 06:12:49.662,COSRX,cosrx,clymkgldh0000dy2kur7s9uaq
clyml8ruc000ndy2kwlhv7a83,2024-07-15 06:13:02.577,2024-07-15 06:13:09.94,CP-1,cp-1,clymkgldh0000dy2kur7s9uaq
clyml921a000ody2kkzixgngi,2024-07-15 06:13:15.79,2024-07-15 06:13:32.283,Deoproce,deoproce,clymkgldh0000dy2kur7s9uaq
clyml9nuf000pdy2k0ibco6at,2024-07-15 06:13:44.055,2024-07-15 06:14:00.741,Derma:B,dermab,clymkgldh0000dy2kur7s9uaq
clymla2y6000qdy2kklrf148s,2024-07-15 06:14:03.63,2024-07-15 06:14:18.097,Dr Jart+,dr-jart,clymkgldh0000dy2kur7s9uaq
clymlafy6000rdy2kqwi3fd1e,2024-07-15 06:14:20.479,2024-07-15 06:14:35.928,Dr.Althea,dralthea,clymkgldh0000dy2kur7s9uaq
clymlb1xw000sdy2kz6buz561,2024-07-15 06:14:48.98,2024-07-15 06:14:53.469,Elizavecca,elizavecca,clymkgldh0000dy2kur7s9uaq
clymlbcxd000tdy2ko1bojidr,2024-07-15 06:15:03.217,2024-07-15 06:15:21.668,Enough,enough,clymkgldh0000dy2kur7s9uaq
clymlbuf1000udy2km5ao3y1r,2024-07-15 06:15:25.885,2024-07-15 06:15:38.883,Esthetic House,esthetic-house,clymkgldh0000dy2kur7s9uaq
clymlci1h000vdy2kqomt21er,2024-07-15 06:15:56.49,2024-07-15 06:16:01.081,Etude House,etude-house,clymkgldh0000dy2kur7s9uaq
clymldcdw000wdy2ki8c5m628,2024-07-15 06:16:35.825,2024-07-15 06:16:51.048,Evas,evas,clymkgldh0000dy2kur7s9uaq
clymleapt000xdy2k3zk12t1v,2024-07-15 06:17:20.318,2024-07-15 06:17:25.696,FarmStay,farmstay,clymkgldh0000dy2kur7s9uaq
clymlegpr000ydy2km2ykce65,2024-07-15 06:17:28.095,2024-07-15 06:17:41.026,Floland,floland,clymkgldh0000dy2kur7s9uaq
clymlfbht000zdy2kcppqfsn8,2024-07-15 06:18:07.975,2024-07-15 06:18:14.045,For The Skin,for-the-skin,clymkgldh0000dy2kur7s9uaq
clymlfp3p0010dy2k80qkpiye,2024-07-15 06:18:25.621,2024-07-15 06:18:30.556,Fraijour,fraijour,clymkgldh0000dy2kur7s9uaq
clymlfwvh0011dy2kqlx40xze,2024-07-15 06:18:35.694,2024-07-15 06:18:47.753,Heimish,heimish,clymkgldh0000dy2kur7s9uaq
clymlhojh0012dy2kmgspbj8p,2024-07-15 06:19:58.202,2024-07-15 06:20:11.911,J:on,jon,clymkgldh0000dy2kur7s9uaq
clymli1nb0013dy2kolvtb6au,2024-07-15 06:20:15.185,2024-07-15 06:20:33.107,Jigott,jigott,clymkgldh0000dy2kur7s9uaq
clymliz5t0014dy2kfo4rkufb,2024-07-15 06:20:58.622,2024-07-15 06:21:05.275,Jinskin,jinskin,clymkgldh0000dy2kur7s9uaq
clymlmitc0015dy2k73nkkebi,2024-07-15 06:23:44.061,2024-07-15 06:23:51.188,JMsolution,jmsolution,clymkgldh0000dy2kur7s9uaq
clymln4hw0016dy2k8p71oya5,2024-07-15 06:24:12.162,2024-07-15 06:24:16.904,Kiss by Rosemine,kiss-by-rosemine,clymkgldh0000dy2kur7s9uaq
clymlnjwe0017dy2ksbyhrjt3,2024-07-15 06:24:32.126,2024-07-15 06:24:36.628,Koelf,koelf,clymkgldh0000dy2kur7s9uaq
clymlojot0018dy2kpm3c9mwc,2024-07-15 06:25:18.507,2024-07-15 06:25:30.314,Lador,lador,clymkgldh0000dy2kur7s9uaq
clymlp2id0019dy2k7zvcb4bt,2024-07-15 06:25:42.901,2024-07-15 06:25:47.602,Lizda,lizda,clymkgldh0000dy2kur7s9uaq
clymlpity001ady2kxbrgx6xh,2024-07-15 06:26:04.052,2024-07-15 06:26:08.775,Manyo,manyo,clymkgldh0000dy2kur7s9uaq
clymlpy0b001bdy2ke2y631jd,2024-07-15 06:26:23.721,2024-07-15 06:26:28.305,Masil,masil,clymkgldh0000dy2kur7s9uaq
clymm94a9001ddy2k1hvn8czl,2024-07-15 06:41:18.319,2024-07-15 06:41:41.04,Medi-Peel,medi-peel,clymkgldh0000dy2kur7s9uaq
clymm9o99001edy2k5mkngkc6,2024-07-15 06:41:44.205,2024-07-15 06:41:51.066,Median,median,clymkgldh0000dy2kur7s9uaq
clymm9wn5001fdy2kp71znhv0,2024-07-15 06:41:55.073,2024-07-15 06:42:03.515,Missha,missha,clymkgldh0000dy2kur7s9uaq
clymma77f001gdy2kuwf8rr8q,2024-07-15 06:42:08.763,2024-07-15 06:42:22.728,Ottie,ottie,clymkgldh0000dy2kur7s9uaq
clymmb56m001idy2kofqxglua,2024-07-15 06:42:52.798,2024-07-15 06:43:07.164,Petitfee,petitfee,clymkgldh0000dy2kur7s9uaq
clymmbis4001jdy2kas1ykb4n,2024-07-15 06:43:10.418,2024-07-15 06:43:19.243,Prreti,prreti,clymkgldh0000dy2kur7s9uaq
clymmbsc3001kdy2kdsc48on5,2024-07-15 06:43:22.803,2024-07-15 06:43:33.463,Rom&Nd,romnd,clymkgldh0000dy2kur7s9uaq
clymmc39z001ldy2k9ewulyp3,2024-07-15 06:43:36.983,2024-07-15 06:43:45.72,So natural,so-natural,clymkgldh0000dy2kur7s9uaq
clymmcdtl001mdy2k5nrxlkta,2024-07-15 06:43:50.646,2024-07-15 06:43:59.462,SOLOMEYA,solomeya,clymkgldh0000dy2kur7s9uaq
clymmcn8f001ndy2k79iduj7l,2024-07-15 06:44:02.848,2024-07-15 06:44:14.528,Some By Mi,some-by-mi,clymkgldh0000dy2kur7s9uaq
clymmcz4b001ody2ktgzj50le,2024-07-15 06:44:18.252,2024-07-15 06:44:27.778,The Face Shop,the-face-shop,clymkgldh0000dy2kur7s9uaq
clymmd8k6001pdy2kvid5b5st,2024-07-15 06:44:30.486,2024-07-15 06:44:38.509,The Saem,the-saem,clymkgldh0000dy2kur7s9uaq
clymmdi3w001qdy2kqc76vyhz,2024-07-15 06:44:42.861,2024-07-15 06:44:53.49,Too Cool For School,too-cool-for-school,clymkgldh0000dy2kur7s9uaq
clymmdsld001rdy2k4wl41qif,2024-07-15 06:44:56.449,2024-07-15 06:45:02.372,Trimay,trimay,clymkgldh0000dy2kur7s9uaq
clymmdzbi001sdy2kld6xsqh0,2024-07-15 06:45:05.166,2024-07-15 06:45:15.819,Unleashia,unleashia,clymkgldh0000dy2kur7s9uaq
clymme9qt001tdy2kcnje4k0d,2024-07-15 06:45:18.677,2024-07-15 06:45:25.651,WellDerma,wellderma,clymkgldh0000dy2kur7s9uaq
clymmehl4001udy2kdzmels3i,2024-07-15 06:45:28.84,2024-07-15 06:45:33.688,YNM,ynm,clymkgldh0000dy2kur7s9uaq
clymmh8ei001vdy2kvz6ibwxc,2024-07-15 06:47:36.9,2024-07-15 06:47:48.329,Гидрофильное масло,gidrofilnoe-maslo,clymkij7c0003dy2k7p4s7grl
clymmhnir001wdy2kjsin7hwv,2024-07-15 06:47:56.497,2024-07-15 06:48:27.495,"Средства для снятия макияжа ",sredstva-dlya-snyatiya-makiyazha-,clymkij7c0003dy2k7p4s7grl
clymmjb2p001ydy2kbgspyvhr,2024-07-15 06:49:13.681,2024-07-15 06:49:26.04,Кислоролные средства,kislorolnye-sredstva,clymkij7c0003dy2k7p4s7grl
clymmjn3l001zdy2khx42o9vf,2024-07-15 06:49:29.262,2024-07-15 06:49:53.515,Пенки и Гели для умывания,penki-i-geli-dlya-umyvaniya,clymkij7c0003dy2k7p4s7grl
clymmk8hb0020dy2kcg8wk8dc,2024-07-15 06:49:56.975,2024-07-15 06:50:06.56,Энзимные пудры,enzimnye-pudry,clymkij7c0003dy2k7p4s7grl
clymmki820021dy2klc7w38jo,2024-07-15 06:50:09.594,2024-07-15 06:50:17.402,Тонеры и тоники,tonery-i-toniki,clymkij7c0003dy2k7p4s7grl
clymmkqmg0022dy2kgwt1i8tf,2024-07-15 06:50:20.488,2024-07-15 06:50:33.908,Пилинги и скрабы,pilingi-i-skraby,clymkij7c0003dy2k7p4s7grl
clymml3am0023dy2kbvjffgiu,2024-07-15 06:50:36.91,2024-07-15 06:50:45.226,Пэды,pedy,clymkij7c0003dy2k7p4s7grl
clymmlld00024dy2k36ndvdov,2024-07-15 06:51:00.321,2024-07-15 06:51:13.106,"Сыворотки и эссенции ",syvorotki-i-essentsii-,clymkij7c0003dy2k7p4s7grl
clymmlz7b0025dy2km60gvq8b,2024-07-15 06:51:18.259,2024-07-15 06:51:25.584,Эмульсии,emulsii,clymkij7c0003dy2k7p4s7grl
clymmm7go0026dy2k8yg6nu8x,2024-07-15 06:51:28.969,2024-07-15 06:51:38.632,Кремы для лица,kremy-dlya-litsa,clymkij7c0003dy2k7p4s7grl
clymmmham0027dy2k628zgyt2,2024-07-15 06:51:41.71,2024-07-15 06:51:56.893,Кремы для век,kremy-dlya-vek,clymkij7c0003dy2k7p4s7grl
clymmmvli0028dy2kgsuwzroe,2024-07-15 06:52:00.243,2024-07-15 06:52:16.424,Гидрогелевые патчи,gidrogelevye-patchi,clymkij7c0003dy2k7p4s7grl
clymmoevt002bdy2kbfzdfj47,2024-07-15 06:53:11.891,2024-07-15 06:53:21.838,Альгинатные маски,alginatnye-maski,clymkij7c0003dy2k7p4s7grl
clymmopp3002cdy2kdpa4ylf9,2024-07-15 06:53:25.912,2024-07-15 06:53:41.536,"Гидрогелевые маски ",gidrogelevye-maski-,clymkij7c0003dy2k7p4s7grl
clymmp4ao002ddy2k2r95xukx,2024-07-15 06:53:44.832,2024-07-15 06:53:52.679,Тканевые маски,tkanevye-maski,clymkij7c0003dy2k7p4s7grl
clymmpnyh002fdy2kvoac2ibu,2024-07-15 06:54:10.314,2024-07-15 06:54:23.042,Смываемые маски,smyvaemye-maski,clymkij7c0003dy2k7p4s7grl
clymmpzz0002gdy2kjnxcw4q6,2024-07-15 06:54:25.884,2024-07-15 06:54:36.573,Ночные маски,nochnye-maski,clymkij7c0003dy2k7p4s7grl
clymmqax6002hdy2k7a2nwzet,2024-07-15 06:54:40.058,2024-07-15 06:54:53.407,Карбокситерапия,karboksiterapiya,clymkij7c0003dy2k7p4s7grl
clymmqnjo002idy2kusq27uwm,2024-07-15 06:54:56.432,2024-07-15 06:57:20.417,Для шеи,dlya-shei,clymkij7c0003dy2k7p4s7grl
clymmtugi002jdy2k03f39sf5,2024-07-15 06:57:25.362,2024-07-15 06:57:51.303,Для губ,dlya-gub,clymkij7c0003dy2k7p4s7grl
clymmul28002kdy2k0ruzbfvk,2024-07-15 06:57:59.841,2024-07-15 06:58:08.436,Для ресниц,dlya-resnits,clymkij7c0003dy2k7p4s7grl
clymmv8bq002mdy2koqbz351m,2024-07-15 06:58:29.991,2024-07-15 06:58:36.424,Миниатюры,miniatyury,clymkij7c0003dy2k7p4s7grl
clymmv13w002ldy2k4pkpfz1o,2024-07-15 06:58:20.636,2024-07-15 08:17:22.095,"Наборы ",nabory-,clymkij7c0003dy2k7p4s7grl
clymmpd2p002edy2k2oi6hp8w,2024-07-15 06:53:56.209,2024-07-15 08:18:16.331,Очищающие маски,ochischayuschie-maski,clymkij7c0003dy2k7p4s7grl
clympq1ie0000ck2kw3fuwwi9,2024-07-15 08:18:26.726,2024-07-15 08:18:34.894,Шампуни,shampuni,clymkjdrr0004dy2ktzjtlmyb
clympqa7e0001ck2ka1s33xlj,2024-07-15 08:18:37.995,2024-07-15 08:18:48.645,Бальзамы и кондиционеры,balzamy-i-konditsionery,clymkjdrr0004dy2ktzjtlmyb
clympql0z0002ck2kunne751s,2024-07-15 08:18:52.016,2024-07-15 08:18:57.122,Маски,maski,clymkjdrr0004dy2ktzjtlmyb
clympqri20003ck2kajrh9qhu,2024-07-15 08:19:00.41,2024-07-15 08:19:15.859,Филлеры,fillery,clymkjdrr0004dy2ktzjtlmyb
clympr6us0004ck2kg8inpivu,2024-07-15 08:19:20.308,2024-07-15 08:19:33.008,Сыворотки и эссенции,syvorotki-i-essentsii,clymkjdrr0004dy2ktzjtlmyb
clympry210005ck2ktdpbkhmm,2024-07-15 08:19:55.558,2024-07-15 08:20:04.49,Кремы и масла,kremy-i-masla,clymkjdrr0004dy2ktzjtlmyb
clymps71k0006ck2k8kjnnt9b,2024-07-15 08:20:07.208,2024-07-15 08:20:18.778,Спреи,sprei,clymkjdrr0004dy2ktzjtlmyb
clympsjsb0007ck2kraod8ibj,2024-07-15 08:20:23.724,2024-07-15 08:20:37.572,Пилинги,pilingi,clymkjdrr0004dy2ktzjtlmyb
clympsy6d0008ck2kxj1ywy7l,2024-07-15 08:20:42.371,2024-07-15 08:22:55.975,Мини-версии,mini-versii,clymkjdrr0004dy2ktzjtlmyb
clympvvv90009ck2kvr99orh8,2024-07-15 08:22:59.347,2024-07-15 08:23:08.906,Наборы,nabory,clymkjdrr0004dy2ktzjtlmyb
clympwsan000bck2kbnzgj2wd,2024-07-15 08:23:41.373,2024-07-15 08:23:49.984,Гели для душа,geli-dlya-dusha,clymkjo1k0005dy2kt0b6ffgk
clympx1hm000cck2kdugc1iab,2024-07-15 08:23:53.291,2024-07-15 08:24:03.117,Скрабы,skraby,clymkjo1k0005dy2kt0b6ffgk
clympxbrg000dck2kp0oc9jr9,2024-07-15 08:24:06.605,2024-07-15 08:24:17.247,"Кремы и лосьоны ",kremy-i-losony-,clymkjo1k0005dy2kt0b6ffgk
clympxrvp000eck2k5uinosvp,2024-07-15 08:24:27.491,2024-07-15 08:24:35.412,Гели для тела,geli-dlya-tela,clymkjo1k0005dy2kt0b6ffgk
clympy0nk000fck2kk5s7md4a,2024-07-15 08:24:38.865,2024-07-15 08:24:53.152,Для рук,dlya-ruk,clymkjo1k0005dy2kt0b6ffgk
clympyhx5000gck2kbnqlbd0w,2024-07-15 08:25:01.239,2024-07-15 08:25:06.647,Для ног,dlya-nog,clymkjo1k0005dy2kt0b6ffgk
clympypcy000hck2kmedyrre6,2024-07-15 08:25:10.882,2024-07-15 08:25:18.915,Зубные пасты,zubnye-pasty,clymkjo1k0005dy2kt0b6ffgk
clympz328000ick2kmij36cw4,2024-07-15 08:25:28.64,2024-07-15 08:25:39.719,Зубные щётки,zubnye-schetki,clymkjo1k0005dy2kt0b6ffgk
clympzeda000jck2kpd3lerp3,2024-07-15 08:25:43.294,2024-07-15 08:25:52.933,Бомбочки для ванны,bombochki-dlya-vanny,clymkjo1k0005dy2kt0b6ffgk
clympzolm000kck2k26akz4ey,2024-07-15 08:25:56.551,2024-07-15 08:26:06.341,Соль для ванны,sol-dlya-vanny,clymkjo1k0005dy2kt0b6ffgk
clymq2cwc000lck2k86qils4e,2024-07-15 08:28:01.356,2024-07-15 08:28:14.918,Акне и воспаления,akne-i-vospaleniya,clymkjuua0006dy2kv3pt594r
clymq2sv6000mck2k5frzqn11,2024-07-15 08:28:22.046,2024-07-15 08:28:29.56,Витамин C,vitamin-c,clymkjuua0006dy2kv3pt594r
clymq3499000nck2ktrbypds7,2024-07-15 08:28:36.813,2024-07-15 08:28:46.794,Гиалуроновая кислота,gialuronovaya-kislota,clymkjuua0006dy2kv3pt594r
clymq3fyt000ock2kskk4u31j,2024-07-15 08:28:51.99,2024-07-15 08:28:57.086,Кислоты,kisloty,clymkjuua0006dy2kv3pt594r
clymq3n90000pck2k59vxc3tu,2024-07-15 08:29:01.428,2024-07-15 08:29:08.811,Коллаген,kollagen,clymkjuua0006dy2kv3pt594r
clymq3vcg000qck2k6i77m6sf,2024-07-15 08:29:11.92,2024-07-15 08:29:22.711,Ласточкино гнездо,lastochkino-gnezdo,clymkjuua0006dy2kv3pt594r
clymq45wl000rck2kbtbwiszx,2024-07-15 08:29:25.605,2024-07-15 08:29:33.989,Муцин улитки,mutsin-ulitki,clymkjuua0006dy2kv3pt594r
clymq4fq2000sck2kt54rkwcm,2024-07-15 08:29:38.33,2024-07-15 08:29:47.483,Пептиды,peptidy,clymkjuua0006dy2kv3pt594r
clymq4q25000tck2kcj5g3zbg,2024-07-15 08:29:51.723,2024-07-15 08:29:59.26,Пробиотики,probiotiki,clymkjuua0006dy2kv3pt594r
clymq56ws000uck2kto37u5gn,2024-07-15 08:30:13.557,2024-07-15 08:30:24.842,Против отёчности,protiv-otechnosti,clymkjuua0006dy2kv3pt594r
clymq5hvq000vck2kxijq4uny,2024-07-15 08:30:27.782,2024-07-15 08:30:42.13,Против чёрных точек,protiv-chernyh-tochek,clymkjuua0006dy2kv3pt594r
clymq5veb000wck2kijlbd7vy,2024-07-15 08:30:45.295,2024-07-15 08:30:53.106,Ретинол,retinol,clymkjuua0006dy2kv3pt594r
clymq8290000xck2ko0ecps82,2024-07-15 08:32:27.493,2024-07-15 08:32:45.154,Солнцезащитные средства,solntsezaschitnye-sredstva,clymkjuua0006dy2kv3pt594r
clymq8ilu000yck2km0voznjl,2024-07-15 08:32:48.691,2024-07-15 08:33:01.917,Сужение пор,suzhenie-por,clymkjuua0006dy2kv3pt594r
clymq8w1c000zck2k8o2x4csk,2024-07-15 08:33:06.096,2024-07-15 08:33:15.942,Центелла Азиасткая,tsentella-aziastkaya,clymkjuua0006dy2kv3pt594r
clymq96tw0010ck2k1txxywqh,2024-07-15 08:33:20.08,2024-07-15 08:33:29.244,МУЖСКАЯ КОСМЕТИКА,muzhskaya-kosmetika,clymkjuua0006dy2kv3pt594r
clymufsf60001fv2kujsycn1b,2024-07-15 10:30:26.466,2024-07-15 10:30:54.293,Консиллеры,konsillery,clymkk3540007dy2kjmjnjrm2
clymuhrsu0002fv2k38zzyvp7,2024-07-15 10:31:58.975,2024-07-15 10:32:19.197,CC-кремы,cc-kremy,clymkk3540007dy2kjmjnjrm2
clymui9qq0003fv2kn6phol2f,2024-07-15 10:32:22.227,2024-07-15 10:32:36.367,BB-кремы,bb-kremy,clymkk3540007dy2kjmjnjrm2
clymuin360004fv2kcyv3rnop,2024-07-15 10:32:39.522,2024-07-15 10:32:54.802,Кушоны,kushony,clymkk3540007dy2kjmjnjrm2
clymuj0sx0005fv2k0jusa52w,2024-07-15 10:32:57.297,2024-07-15 10:33:07.77,Пудры,pudry,clymkk3540007dy2kjmjnjrm2
clymujbt50006fv2kokum5fjb,2024-07-15 10:33:11.558,2024-07-15 10:33:24.658,Тональные основы,tonalnye-osnovy,clymkk3540007dy2kjmjnjrm2
clymujpbp0007fv2kqbvexa8w,2024-07-15 10:33:29.074,2024-07-15 10:33:33.214,Тушь,tush,clymkk3540007dy2kjmjnjrm2
clymukck10008fv2ktowf3iy5,2024-07-15 10:33:59.181,2024-07-15 10:34:28.142,Бьюти-гаджеты,byuti-gadzhety,clymkkd5y0008dy2kctzrc9s3
clymukont0009fv2k3mr17arn,2024-07-15 10:34:14.87,2024-07-15 10:34:43.226,Массажёры,massazhery,clymkkd5y0008dy2kctzrc9s3
clymulj7s000afv2k68168ug5,2024-07-15 10:34:54.469,2024-07-15 10:35:05.409,Расчёски,rascheski,clymkkd5y0008dy2kctzrc9s3
clymumkyn000bfv2k61h81lhd,2024-07-15 10:35:43.388,2024-07-15 10:35:55.562,Акции магазина,aktsii-magazina,clymkkkss0009dy2klepyhkuj
clymumwas000cfv2kf0rwyijb,2024-07-15 10:35:58.085,2024-07-15 10:36:04.744,Скидки,skidki,clymkkkss0009dy2klepyhkuj
