A,B
clymkl5gz000ady2ktr1f4p5j,clymko8ci000cdy2kcs3cw79x
clyml13dw000ddy2ko4m2xa19,clymutv6r000efv2km92heryq
clymmmham0027dy2k628zgyt2,clymutv6r000efv2km92heryq
clyml13dw000ddy2ko4m2xa19,clyn5ple30001fk2kx64owfzp
clymmmham0027dy2k628zgyt2,clyn5ple30001fk2kx64owfzp
clymq3n90000pck2k59vxc3tu,clyn5ple30001fk2kx64owfzp
clymq4fq2000sck2kt54rkwcm,clyn5ple30001fk2kx64owfzp
clyml13dw000ddy2ko4m2xa19,clyn6ekun0003fk2krkvbv8qf
clymmmham0027dy2k628zgyt2,clyn6ekun0003fk2krkvbv8qf
clymq3n90000pck2k59vxc3tu,clyn6ekun0003fk2krkvbv8qf
clymq4fq2000sck2kt54rkwcm,clyn6ekun0003fk2krkvbv8qf
clyml13dw000ddy2ko4m2xa19,clyn76rw60005fk2ke53iv5gq
clymmmham0027dy2k628zgyt2,clyn76rw60005fk2ke53iv5gq
clymmv8bq002mdy2koqbz351m,clyn76rw60005fk2ke53iv5gq
clyml1n48000edy2kuvw7v5y4,clyn7jxrt0007fk2kx7tx2hyf
clymmlld00024dy2k36ndvdov,clyn7jxrt0007fk2kx7tx2hyf
clyml1n48000edy2kuvw7v5y4,clyonixr30001ci2kbzfq6aqv
clymmlld00024dy2k36ndvdov,clyonixr30001ci2kbzfq6aqv
clyml1n48000edy2kuvw7v5y4,clypq8kea0001g82kr8png1o8
clymmmham0027dy2k628zgyt2,clypq8kea0001g82kr8png1o8
clymq5veb000wck2kijlbd7vy,clypq8kea0001g82kr8png1o8
clyml1n48000edy2kuvw7v5y4,clypqh0ez0003g82kv8f29ita
clymmlld00024dy2k36ndvdov,clypqh0ez0003g82kv8f29ita
clyml1n48000edy2kuvw7v5y4,clypqqppj0005g82k3brptatm
clymmh8ei001vdy2kvz6ibwxc,clypqqppj0005g82k3brptatm
clyml1n48000edy2kuvw7v5y4,clypr5inb0007g82killj89c6
clymq8290000xck2ko0ecps82,clypr5inb0007g82killj89c6
clyml1n48000edy2kuvw7v5y4,clyqv30800001dx2ki27zxjia
clymmm7go0026dy2k8yg6nu8x,clyqv30800001dx2ki27zxjia
clyml1n48000edy2kuvw7v5y4,clyqvl3xv0003dx2k6rq44qti
clymmm7go0026dy2k8yg6nu8x,clyqvl3xv0003dx2k6rq44qti
clyml1n48000edy2kuvw7v5y4,clyrlbu080001e12k3b2xogiu
clymmpnyh002fdy2kvoac2ibu,clyrlbu080001e12k3b2xogiu
clymmpd2p002edy2k2oi6hp8w,clyrlbu080001e12k3b2xogiu
clyml1n48000edy2kuvw7v5y4,clyrlhqdp0003e12kdir9mfdy
clymmh8ei001vdy2kvz6ibwxc,clyrlhqdp0003e12kdir9mfdy
clyml1n48000edy2kuvw7v5y4,clyrlnwzr0005e12kvo5h0klp
clymmjn3l001zdy2khx42o9vf,clyrlnwzr0005e12kvo5h0klp
clyml1n48000edy2kuvw7v5y4,clysi2l0k0001dv2kcaywbqm2
clymmkqmg0022dy2kgwt1i8tf,clysi2l0k0001dv2kcaywbqm2
clyml1n48000edy2kuvw7v5y4,clysi7psq0003dv2k0xhc88s0
clymmlld00024dy2k36ndvdov,clysi7psq0003dv2k0xhc88s0
clyml1n48000edy2kuvw7v5y4,clysir7ed0007dv2k6hpddnzx
clymmm7go0026dy2k8yg6nu8x,clysir7ed0007dv2k6hpddnzx
clymq8290000xck2ko0ecps82,clysir7ed0007dv2k6hpddnzx
clyml1n48000edy2kuvw7v5y4,clysoan850001fr2jb1jkxphw
clymq8290000xck2ko0ecps82,clysoan850001fr2jb1jkxphw
clyml1n48000edy2kuvw7v5y4,clysogdlt0003fr2jsdp03z5y
clymmm7go0026dy2k8yg6nu8x,clysogdlt0003fr2jsdp03z5y
clymmv8bq002mdy2koqbz351m,clysogdlt0003fr2jsdp03z5y
clymq8290000xck2ko0ecps82,clysogdlt0003fr2jsdp03z5y
clyml1n48000edy2kuvw7v5y4,clytuzbe20001em2k2n1f4lnl
clymmki820021dy2klc7w38jo,clytuzbe20001em2k2n1f4lnl
clymmlld00024dy2k36ndvdov,clytuzbe20001em2k2n1f4lnl
clyml2n8b000fdy2kwjxagsda,clytvaibn0003em2kico546p2
clymmmvli0028dy2kgsuwzroe,clytvaibn0003em2kico546p2
clyml2n8b000fdy2kwjxagsda,clytvd1i40005em2kghhvszcw
clymmmvli0028dy2kgsuwzroe,clytvd1i40005em2kghhvszcw
clyml2zkf000gdy2k4tcq3hc9,clytvhqmz0007em2kaf6yxjmj
clymmopp3002cdy2kdpa4ylf9,clytvhqmz0007em2kaf6yxjmj
clyml4s89000hdy2kuybz6i6q,clytw7f2j0009em2krllqy2og
clympzeda000jck2kpd3lerp3,clytw7f2j0009em2krllqy2og
clyml4s89000hdy2kuybz6i6q,clyufote10001e92ke3nlwz7q
clympzolm000kck2k26akz4ey,clyufote10001e92ke3nlwz7q
clyml4s89000hdy2kuybz6i6q,clyufv1q60003e92kyr88ij4x
clympzolm000kck2k26akz4ey,clyufv1q60003e92kyr88ij4x
clyml4s89000hdy2kuybz6i6q,clyufyzir0005e92k8k5483h7
clympzeda000jck2kpd3lerp3,clyufyzir0005e92k8k5483h7
clyml4s89000hdy2kuybz6i6q,clyug2gji0007e92kr49vmn6x
clympzeda000jck2kpd3lerp3,clyug2gji0007e92kr49vmn6x
clyml4s89000hdy2kuybz6i6q,clyug6rfi0009e92k3t8uj2mn
clympzeda000jck2kpd3lerp3,clyug6rfi0009e92k3t8uj2mn
clyml4s89000hdy2kuybz6i6q,clyug97bv000be92ks8cedbhi
clympzolm000kck2k26akz4ey,clyug97bv000be92ks8cedbhi
clyml555s000idy2kil007qyy,clyvl6taw0001g02kvycfdnig
clymmmham0027dy2k628zgyt2,clyvl6taw0001g02kvycfdnig
clyml555s000idy2kil007qyy,clyvlaui50003g02kzym4o61k
clymmjn3l001zdy2khx42o9vf,clyvlaui50003g02kzym4o61k
clyml555s000idy2kil007qyy,clyvlf74a0005g02ki38zelyj
clymmm7go0026dy2k8yg6nu8x,clyvlf74a0005g02ki38zelyj
clymq4fq2000sck2kt54rkwcm,clyvlf74a0005g02ki38zelyj
clyml555s000idy2kil007qyy,clyvls38a0007g02k1wwt4mjz
clymmmham0027dy2k628zgyt2,clyvls38a0007g02k1wwt4mjz
clymq5veb000wck2kijlbd7vy,clyvls38a0007g02k1wwt4mjz
clyml555s000idy2kil007qyy,clyvlzj2t0009g02kyrjhab2n
clymmlz7b0025dy2km60gvq8b,clyvlzj2t0009g02kyrjhab2n
clymq4fq2000sck2kt54rkwcm,clyvlzj2t0009g02kyrjhab2n
clyml555s000idy2kil007qyy,clyvvjknr0001es2kaobz0y9w
clymmm7go0026dy2k8yg6nu8x,clyvvjknr0001es2kaobz0y9w
clymmv8bq002mdy2koqbz351m,clyvvjknr0001es2kaobz0y9w
clymq4fq2000sck2kt54rkwcm,clyvvjknr0001es2kaobz0y9w
clyml555s000idy2kil007qyy,clyvvoriz0003es2k9axz2bhm
clymmmham0027dy2k628zgyt2,clyvvoriz0003es2k9axz2bhm
clymmv8bq002mdy2koqbz351m,clyvvoriz0003es2k9axz2bhm
clymq4fq2000sck2kt54rkwcm,clyvvoriz0003es2k9axz2bhm
